{"cameraMode":{"drawMode":0,"name":"Shaded","section":"Shading Mode"},"sceneLighting":true,"audioPlay":false,"sceneViewState":{"showFog":true,"showMaterialUpdate":false,"showSkybox":false,"showFlares":true,"showImageEffects":true,"showParticleSystems":true},"in2DMode":false,"pivot":{"x":0.10983575135469437,"y":0.04043318331241608,"z":0.19273364543914796},"rotation":{"x":-0.2777250409126282,"y":0.42299577593803408,"z":-0.1379777491092682,"w":-0.8514138460159302},"size":0.5414453744888306,"orthographic":false}