{"cameraMode":{"drawMode":0,"name":"Shaded","section":"Shading Mode"},"sceneLighting":true,"audioPlay":false,"sceneViewState":{"showFog":true,"showMaterialUpdate":false,"showSkybox":false,"showFlares":true,"showImageEffects":true,"showParticleSystems":true},"in2DMode":false,"pivot":{"x":6.4581780433654789,"y":4.686399459838867,"z":13.211528778076172},"rotation":{"x":-0.2777250409126282,"y":0.42299577593803408,"z":-0.1379777491092682,"w":-0.8514138460159302},"size":0.11956791579723358,"orthographic":false}