{"cameraMode":{"drawMode":0,"name":"Shaded","section":"Shading Mode"},"sceneLighting":true,"audioPlay":false,"sceneViewState":{"showFog":true,"showMaterialUpdate":false,"showSkybox":true,"showFlares":true,"showImageEffects":true,"showParticleSystems":true},"in2DMode":false,"pivot":{"x":-1.1438655853271485,"y":0.08247947692871094,"z":-4.844529151916504},"rotation":{"x":-0.2777250409126282,"y":0.42299577593803408,"z":-0.1379777491092682,"w":-0.8514138460159302},"size":1.0704271793365479,"orthographic":false}